[{"id": 1, "fecha": "18/05/2024", "tiempo": "10 min", "motivo": "Asesoria Tecnica", "calificacion": "EXCELENTE"},{"id": 2, "fecha": "20-02-2023", "tiempo": "10 min", "motivo": "Asesoria Tecnica", "calificacion": "REGULAR"},{"id": 0, "fecha": "2021-11-01", "tiempo": "10:00", "motivo": "Transferencia", "calificacion": "Excelente"},{"id": 0, "fecha": "2021-11-01", "tiempo": "10:00", "motivo": "Reclamo", "calificacion": "Malo"},{"id": 5, "fecha": "2021-11-01", "tiempo": "10:00", "motivo": "Transferencia", "calificacion": "Excelente"},{"id": 6, "fecha": "2021-11-01", "tiempo": "10:00", "motivo": "Reclamo", "calificacion": "Malo"},{"id": 7, "fecha": "2021-11-01", "tiempo": "10:00", "motivo": "Impuestos", "calificacion": "Regular"}]