[{"id": 1, "nombre": "Servidor 1", "cedula": "111050501641", "atenciones": {"id": 4, "fecha": "2021-11-01", "tiempo": "10:00", "motivo": "Impuestos", "calificacion": "Regular"}},{"id": 2, "nombre": "Servidor 2", "cedula": "123456789", "atenciones": {"id": 4, "fecha": "2021-11-01", "tiempo": "10:00", "motivo": "Impuestos", "calificacion": "Regular"}},{"id": 3, "nombre": "Servidor 3", "cedula": "123456789", "atenciones": {"id": 4, "fecha": "2021-11-01", "tiempo": "10:00", "motivo": "Impuestos", "calificacion": "Regular"}},{"id": 4, "nombre": "Servidor 1", "cedula": "123456789", "atenciones": {"id": 7, "fecha": "2021-11-01", "tiempo": "10:00", "motivo": "Impuestos", "calificacion": "Regular"}},{"id": 5, "nombre": "Servidor 2", "cedula": "123456789", "atenciones": {"id": 7, "fecha": "2021-11-01", "tiempo": "10:00", "motivo": "Impuestos", "calificacion": "Regular"}},{"id": 6, "nombre": "Servidor 3", "cedula": "123456789", "atenciones": {"id": 7, "fecha": "2021-11-01", "tiempo": "10:00", "motivo": "Impuestos", "calificacion": "Regular"}}]